name,address,governorate,city,district
صيدلية محمد صلاح,القاهرة,غير محدد,القاهرة,حي عام
صيدلية د.أحمد زكى,المحور المركزى، مدينة 6 أكتوبر,غير محدد,مدينة 6 أكتوبر,حي عام
صيدلية د.منال,المحور المركزى، مدينة 6 أكتوبر,غير محدد,مدينة 6 أكتوبر,حي عام
صيدلية د اسلام,ميدان الحصرى، مدينة 6 أكتوبر,غير محدد,مدينة 6 أكتوبر,حي عام
صيدلية د.محمد عبد الرازق,ميدان ماجدة، مدينة 6 أكتوبر,غير محدد,مدينة 6 أكتوبر,حي عام
صيدلية جامعة الدول العربية,القاهرة,غير محدد,القاهرة,حي عام
صيدلية سراج الدين,شارع الجمهورية، المنصورة,غير محدد,المنصورة,حي عام
صيدلية فاتن,شارع الشهيد فؤاد عبد الحكيم، مدينة نصر,غير محدد,مدينة نصر,حي عام
صيدلية الشابوري,شارع الشهيد فؤاد عبد الحكيم، مدينة نصر,غير محدد,مدينة نصر,حي عام
صيدلية قنديل,Al Ghazali Street، الجيزة,غير محدد,الجيزة,حي عام
صيدلية سعد زغلول,شارع سعد زغلول، الإسكندرية، الاسكندرية,الاسكندرية,الإسكندرية,العطارين
صيدلية نور الإسلام,شارع الوحده، الجيزه,الجيزه,المركز الرئيسي,الوراق
صيدلية صياح,شارع حموده محمود، القاهرة,غير محدد,القاهرة,حي عام
صيدلية الدكتورة ايناس جميل,شارع جمال دويدار، المقاطع,غير محدد,المقاطع,حي عام
صيدلية الدكتورة امانى ابراهيم,شارع الدكتور محمد سليمان، المقاطع,غير محدد,المقاطع,حي عام
صيدلية الدكتور محمد سليمان,شارع المسجد البحرى، المقاطع,غير محدد,المقاطع,حي عام
صيدلية حنه,شارع الثانوية، المنزلة,غير محدد,المنزلة,حي عام
الصيدلية الروسية في المدينة القديمة,Watch Squqre، Sharm Ash Sheikh,غير محدد,Sharm Ash Sheikh,حي عام
صيدلية الجهيني,شارع الكهرباء، مدينة 6 أكتوبر,غير محدد,مدينة 6 أكتوبر,حي عام
صيدلية أنصار السنة المحمدية,شارع بني سويف، بورسعيد,غير محدد,بورسعيد,حي عام
صيدلية سوسن الحديثة,القاهرة,القاهرة,المركز الرئيسي,اول مدينة نصر
صيدلية فايق,شارع المنيل، القاهرة,القاهرة,المركز الرئيسي,مصر القديمة
صيدلية الدلتا,شارع طيبه، الاسكندرية,الاسكندرية,المركز الرئيسي,باب شرق
صيدلية فارحي,شارع سيدى جابر، الاسكندرية,الاسكندرية,المركز الرئيسي,سيدى جابر
صيدلية د. أشرف نوار,شارع سيدى جابر، الاسكندرية,الاسكندرية,المركز الرئيسي,سيدى جابر
